Workbook

Sheet Quantity Takeoff
A1: Pine Street Office Renovation
A2: Quantity Takeoff & Cost Estimate
A3: Item | B3: Location | C3: Length (ft) | D3: Width (ft) | E3: Height (ft) | F3: Base Quantity | G3: Unit | H3: Waste % | I3: Adjusted Quantity | J3: Material Unit Cost | K3: Labor Unit Cost | L3: Estimated Material Cost | M3: Estimated Labor Cost | N3: Total Estimated Cost
A4: Flooring | B4: Office A | C4: 12 | D4: 10 | F4: =C4*D4 -> 120 | G4: SF | H4: 0.1 | I4: =F4*(1+H4) -> 132 | J4: =_xlfn.XLOOKUP(A4,'Cost Database'!A:A,'Cost Database'!D:D) -> 3.25 | K4: =_xlfn.XLOOKUP(A4,'Cost Database'!A:A,'Cost Database'!E:E) -> 2 | L4: =I4*J4 -> 429 | M4: =I4*K4 -> 264 | N4: =L4+M4 -> 693
A5: Flooring | B5: Office B | C5: 12 | D5: 10 | F5: =C5*D5 -> 120 | G5: SF | H5: 0.1 | I5: =F5*(1+H5) -> 132 | J5: =_xlfn.XLOOKUP(A5,'Cost Database'!A:A,'Cost Database'!D:D) -> 3.25 | K5: =_xlfn.XLOOKUP(A5,'Cost Database'!A:A,'Cost Database'!E:E) -> 2 | L5: =I5*J5 -> 429 | M5: =I5*K5 -> 264 | N5: =L5+M5 -> 693
A6: Flooring | B6: Conference Room | C6: 18 | D6: 14 | F6: =C6*D6 -> 252 | G6: SF | H6: 0.1 | I6: =F6*(1+H6) -> 277.2 | J6: =_xlfn.XLOOKUP(A6,'Cost Database'!A:A,'Cost Database'!D:D) -> 3.25 | K6: =_xlfn.XLOOKUP(A6,'Cost Database'!A:A,'Cost Database'!E:E) -> 2 | L6: =I6*J6 -> 900.9 | M6: =I6*K6 -> 554.4 | N6: =L6+M6 -> 1455.3
A7: Flooring | B7: Break Room | C7: 12 | D7: 12 | F7: =C7*D7 -> 144 | G7: SF | H7: 0.1 | I7: =F7*(1+H7) -> 158.4 | J7: =_xlfn.XLOOKUP(A7,'Cost Database'!A:A,'Cost Database'!D:D) -> 3.25 | K7: =_xlfn.XLOOKUP(A7,'Cost Database'!A:A,'Cost Database'!E:E) -> 2 | L7: =I7*J7 -> 514.8 | M7: =I7*K7 -> 316.8 | N7: =L7+M7 -> 831.6
A8: Flooring | B8: Open Office | C8: 24 | D8: 20 | F8: =C8*D8 -> 480 | G8: SF | H8: 0.1 | I8: =F8*(1+H8) -> 528 | J8: =_xlfn.XLOOKUP(A8,'Cost Database'!A:A,'Cost Database'!D:D) -> 3.25 | K8: =_xlfn.XLOOKUP(A8,'Cost Database'!A:A,'Cost Database'!E:E) -> 2 | L8: =I8*J8 -> 1716 | M8: =I8*K8 -> 1056 | N8: =L8+M8 -> 2772
A9: Flooring | B9: Hallway | C9: 30 | D9: 6 | F9: =C9*D9 -> 180 | G9: SF | H9: 0.1 | I9: =F9*(1+H9) -> 198 | J9: =_xlfn.XLOOKUP(A9,'Cost Database'!A:A,'Cost Database'!D:D) -> 3.25 | K9: =_xlfn.XLOOKUP(A9,'Cost Database'!A:A,'Cost Database'!E:E) -> 2 | L9: =I9*J9 -> 643.5 | M9: =I9*K9 -> 396 | N9: =L9+M9 -> 1039.5
A11: Baseboard | B11: Office A | C11: 12 | D11: 10 | F11: =2*C11+2*D11 -> 44 | G11: LF | H11: 0.1 | I11: =F11*(1+H11) -> 48.4 | J11: =_xlfn.XLOOKUP(A11,'Cost Database'!A:A,'Cost Database'!D:D) -> 1.4 | K11: =_xlfn.XLOOKUP(A11,'Cost Database'!A:A,'Cost Database'!E:E) -> 1.25 | L11: =I11*J11 -> 67.76 | M11: =I11*K11 -> 60.5 | N11: =L11+M11 -> 128.26
A12: Baseboard | B12: Office B | C12: 12 | D12: 10 | F12: =2*C12+2*D12 -> 44 | G12: LF | H12: 0.1 | I12: =F12*(1+H12) -> 48.4 | J12: =_xlfn.XLOOKUP(A12,'Cost Database'!A:A,'Cost Database'!D:D) -> 1.4 | K12: =_xlfn.XLOOKUP(A12,'Cost Database'!A:A,'Cost Database'!E:E) -> 1.25 | L12: =I12*J12 -> 67.76 | M12: =I12*K12 -> 60.5 | N12: =L12+M12 -> 128.26
A13: Baseboard | B13: Conference Room | C13: 18 | D13: 14 | F13: =2*C13+2*D13 -> 64 | G13: LF | H13: 0.1 | I13: =F13*(1+H13) -> 70.4 | J13: =_xlfn.XLOOKUP(A13,'Cost Database'!A:A,'Cost Database'!D:D) -> 1.4 | K13: =_xlfn.XLOOKUP(A13,'Cost Database'!A:A,'Cost Database'!E:E) -> 1.25 | L13: =I13*J13 -> 98.56 | M13: =I13*K13 -> 88 | N13: =L13+M13 -> 186.56
A14: Baseboard | B14: Break Room | C14: 12 | D14: 12 | F14: =2*C14+2*D14 -> 48 | G14: LF | H14: 0.1 | I14: =F14*(1+H14) -> 52.8 | J14: =_xlfn.XLOOKUP(A14,'Cost Database'!A:A,'Cost Database'!D:D) -> 1.4 | K14: =_xlfn.XLOOKUP(A14,'Cost Database'!A:A,'Cost Database'!E:E) -> 1.25 | L14: =I14*J14 -> 73.92 | M14: =I14*K14 -> 66 | N14: =L14+M14 -> 139.92
A15: Baseboard | B15: Open Office | C15: 24 | D15: 20 | F15: =2*C15+2*D15 -> 88 | G15: LF | H15: 0.1 | I15: =F15*(1+H15) -> 96.8 | J15: =_xlfn.XLOOKUP(A15,'Cost Database'!A:A,'Cost Database'!D:D) -> 1.4 | K15: =_xlfn.XLOOKUP(A15,'Cost Database'!A:A,'Cost Database'!E:E) -> 1.25 | L15: =I15*J15 -> 135.52 | M15: =I15*K15 -> 121 | N15: =L15+M15 -> 256.52
A16: Baseboard | B16: Hallway | C16: 30 | D16: 6 | F16: =2*C16+2*D16 -> 72 | G16: LF | H16: 0.1 | I16: =F16*(1+H16) -> 79.2 | J16: =_xlfn.XLOOKUP(A16,'Cost Database'!A:A,'Cost Database'!D:D) -> 1.4 | K16: =_xlfn.XLOOKUP(A16,'Cost Database'!A:A,'Cost Database'!E:E) -> 1.25 | L16: =I16*J16 -> 110.88 | M16: =I16*K16 -> 99 | N16: =L16+M16 -> 209.88
A18: Wall Surface | B18: Office A | C18: 12 | D18: 10 | E18: 9 | F18: =2*(C18+D18)*E18 -> 396 | G18: SF | H18: 0.1 | I18: =F18*(1+H18) -> 435.6 | J18: =_xlfn.XLOOKUP(A18,'Cost Database'!A:A,'Cost Database'!D:D) -> 0.85 | K18: =_xlfn.XLOOKUP(A18,'Cost Database'!A:A,'Cost Database'!E:E) -> 1.15 | L18: =I18*J18 -> 370.26 | M18: =I18*K18 -> 500.94 | N18: =L18+M18 -> 871.2
A19: Wall Surface | B19: Office B | C19: 12 | D19: 10 | E19: 9 | F19: =2*(C19+D19)*E19 -> 396 | G19: SF | H19: 0.1 | I19: =F19*(1+H19) -> 435.6 | J19: =_xlfn.XLOOKUP(A19,'Cost Database'!A:A,'Cost Database'!D:D) -> 0.85 | K19: =_xlfn.XLOOKUP(A19,'Cost Database'!A:A,'Cost Database'!E:E) -> 1.15 | L19: =I19*J19 -> 370.26 | M19: =I19*K19 -> 500.94 | N19: =L19+M19 -> 871.2
A20: Wall Surface | B20: Conference Room | C20: 18 | D20: 14 | E20: 9 | F20: =2*(C20+D20)*E20 -> 576 | G20: SF | H20: 0.1 | I20: =F20*(1+H20) -> 633.6 | J20: =_xlfn.XLOOKUP(A20,'Cost Database'!A:A,'Cost Database'!D:D) -> 0.85 | K20: =_xlfn.XLOOKUP(A20,'Cost Database'!A:A,'Cost Database'!E:E) -> 1.15 | L20: =I20*J20 -> 538.56 | M20: =I20*K20 -> 728.64 | N20: =L20+M20 -> 1267.2
A21: Wall Surface | B21: Break Room | C21: 12 | D21: 12 | E21: 9 | F21: =2*(C21+D21)*E21 -> 432 | G21: SF | H21: 0.1 | I21: =F21*(1+H21) -> 475.2 | J21: =_xlfn.XLOOKUP(A21,'Cost Database'!A:A,'Cost Database'!D:D) -> 0.85 | K21: =_xlfn.XLOOKUP(A21,'Cost Database'!A:A,'Cost Database'!E:E) -> 1.15 | L21: =I21*J21 -> 403.92 | M21: =I21*K21 -> 546.48 | N21: =L21+M21 -> 950.4
A22: Wall Surface | B22: Open Office | C22: 24 | D22: 20 | E22: 9 | F22: =2*(C22+D22)*E22 -> 792 | G22: SF | H22: 0.1 | I22: =F22*(1+H22) -> 871.2 | J22: =_xlfn.XLOOKUP(A22,'Cost Database'!A:A,'Cost Database'!D:D) -> 0.85 | K22: =_xlfn.XLOOKUP(A22,'Cost Database'!A:A,'Cost Database'!E:E) -> 1.15 | L22: =I22*J22 -> 740.52 | M22: =I22*K22 -> 1001.88 | N22: =L22+M22 -> 1742.4
A23: Wall Surface | B23: Hallway | C23: 30 | D23: 6 | E23: 9 | F23: =2*(C23+D23)*E23 -> 648 | G23: SF | H23: 0.1 | I23: =F23*(1+H23) -> 712.8 | J23: =_xlfn.XLOOKUP(A23,'Cost Database'!A:A,'Cost Database'!D:D) -> 0.85 | K23: =_xlfn.XLOOKUP(A23,'Cost Database'!A:A,'Cost Database'!E:E) -> 1.15 | L23: =I23*J23 -> 605.88 | M23: =I23*K23 -> 819.72 | N23: =L23+M23 -> 1425.6

Sheet Cost Database
A1: Pine Street Office Renovation
A2: Cost Database
A3: Item | B3: Material | C3: Unit | D3: Material Unit Cost | E3: Labor Unit Cost | F3: Total Unit Cost
A4: Flooring | B4: Commercial LVP | C4: SF | D4: 3.25 | E4: 2 | F4: =D4+E4 -> 5.25
A5: Baseboard | B5: 4" Vinyl Base | C5: LF | D5: 1.4 | E5: 1.25 | F5: =D5+E5 -> 2.65
A6: Wall Surface | B6: Interior Paint/Drywall Finish | C6: SF | D6: 0.85 | E6: 1.15 | F6: =D6+E6 -> 2

Sheet Estimate Summary
A1: Pine Street Office Renovation
A2: Preliminary Cost Estimate
A4: Cost Category | B4: Material Cost | C4: Labor Cost | D4: Total Cost
A5: Flooring | B5: =SUMIF('Quantity Takeoff'!$A:$A,$A5,'Quantity Takeoff'!$L:$L) -> 4633.2 | C5: =SUMIF('Quantity Takeoff'!$A:$A,$A5,'Quantity Takeoff'!$M:$M) -> 2851.2 | D5: =B5+C5 -> 7484.4
A6: Baseboard | B6: =SUMIF('Quantity Takeoff'!$A:$A,$A6,'Quantity Takeoff'!$L:$L) -> 554.4 | C6: =SUMIF('Quantity Takeoff'!$A:$A,$A6,'Quantity Takeoff'!$M:$M) -> 495 | D6: =B6+C6 -> 1049.4
A7: Wall Surface | B7: =SUMIF('Quantity Takeoff'!$A:$A,$A7,'Quantity Takeoff'!$L:$L) -> 3029.4 | C7: =SUMIF('Quantity Takeoff'!$A:$A,$A7,'Quantity Takeoff'!$M:$M) -> 4098.6 | D7: =B7+C7 -> 7128
A8: Direct Cost Total | B8: =SUM(B5:B7) -> 8217 | C8: =SUM(C5:C7) -> 7444.8 | D8: =SUM(D5:D7) -> 15661.8
A10: Contingency | B10: 0.05 | D10: =D8*B10 -> 783.09
A11: Overhead | B11: 0.1 | D11: =D8*B11 -> 1566.18
A12: Subtotal | D12: =D8+D10+D11 -> 18011.07
A13: Profit/Markup | B13: 0.08 | D13: =D12*B13 -> 1440.8856
A14: Final Estimated Bid | D14: =D12+D13 -> 19451.956
A17: Estimate Assumptions
A18: • Preliminary estimate based on fictional case-study quantities and unit costs.
A19: • Unit costs include simplified material and labor assumptions for portfolio demonstration.
A20: • Final bid includes 5% contingency, 10% overhead, and 8% profit/markup.

Sheet Bid Comparison
A1: Pine Street Office Renovation
A2: Bid Comparison
A3: Vendor | B3: Scope | C3: Bid Amount | D3: Estimated Cost | E3: Variance | F3: Schedule | G3: Bid Completeness | H3: Notes | I3: Recommendation
A4: Gulf Coast Flooring | B4: Flooring | C4: 7250 | D4: ='Estimate Summary'!$D$5 -> 7484.4 | E4: =C4-D4 -> -234.4 | F4: 5 Days | G4: Complete | H4: Includes material, installation, delivery & cleanup | I4: Recommended
A5: Lone Star Interiors | B5: Flooring | C5: 6875 | D5: ='Estimate Summary'!$D$5 -> 7484.4 | E5: =C5-D5 -> -609.4 | F5: 7 Days | G5: Incomplete | H5: Excludes floor prep and material delivery | I5: Not Recommended
A6: Bayou Commercial Floors | B6: Flooring | C6: 8100 | D6: ='Estimate Summary'!$D$5 -> 7484.4 | E6: =C6-D6 -> 615.6 | F6: 4 Days | G6: Complete | H6: Includes material, installation, delivery & cleanup | I6: Alternate
A9: Bid Analysis
A10: Recommended Vendor | B10: Gulf Coast Floring
A11: Bid Amount | B11: 7250
A12: Variance to Estimate | B12: =E4 -> -234.4
A13: Rationale | B13: Best-value complete bid; includes material, installation, delivery, and cleanup while remaining below the internal estimate.
A15: Bid Review Note | B15: Lone Star submitted the lowest bid but excluded floor preparation and material delivery. Bayou submitted a complete bid with the shortest schedule but was $615.60 above the internal estimate.

Sheet Cost Analysis
A1: Pine Street Office Renovation
A2: Cost Analysis
A4: Cost Category | B4: Material Cost | C4: Labor Cost | D4: Total Cost | E4: % of Direct Cost
A5: Flooring | B5: ='Estimate Summary'!B5 -> 4633.2 | C5: ='Estimate Summary'!C5 -> 2851.2 | D5: ='Estimate Summary'!D5 -> 7484.4 | E5: =D5/'Estimate Summary'!$D$8 -> 0.47787611
A6: Baseboard | B6: ='Estimate Summary'!B6 -> 554.4 | C6: ='Estimate Summary'!C6 -> 495 | D6: ='Estimate Summary'!D6 -> 1049.4 | E6: =D6/'Estimate Summary'!$D$8 -> 0.067003793
A7: Wall Surface | B7: ='Estimate Summary'!B7 -> 3029.4 | C7: ='Estimate Summary'!C7 -> 4098.6 | D7: ='Estimate Summary'!D7 -> 7128 | E7: =D7/'Estimate Summary'!$D$8 -> 0.4551201
A24: Key Cost Insights
A25: • Flooring is the largest cost category, representing 47.79% of direct cost.
A26: • Wall surface work represents 45.51% of direct cost and is more labor-intensive than material-intensive.
A27: • Flooring and wall surface work combined account for 93.30% of direct project cost.
